{"cameraMode":{"drawMode":0,"name":"Shaded","section":"Shading Mode"},"sceneLighting":true,"audioPlay":false,"sceneViewState":{"m_AlwaysRefresh":false,"showFog":true,"showSkybox":true,"showFlares":true,"showImageEffects":true,"showParticleSystems":true,"showVisualEffectGraphs":true,"m_FxEnabled":true},"in2DMode":false,"pivot":{"x":-36.12508773803711,"y":23.260744094848634,"z":-21.768766403198243},"rotation":{"x":0.5610899329185486,"y":-0.01307009533047676,"z":0.00885999295860529,"w":0.8275572657585144},"size":13.022601127624512,"orthographic":false}